{"pressures": [0, 0, 0, 0, 0, 1, 1, 1, 1, 1], "avg_vf": [0.00988850926656795, 0.012477234707024271, 0.02301992629754468, 0.5147891089960321, 0.5951053171910472, 0.6483956290417773, 0.6833976305385822, 0.7248772487128946, 0.738083460498439, 0.7563625595495741], "std_vf": [3.053370111541281e-05, 0.00022349390469500395, 0.0014739332486482246, 0.03888174663167428, 0.028005423700302557, 0.02471060435797644, 0.019554864879725794, 0.0273161008270674, 0.01734185819590233, 0.022697499101026707]}