{"pressures": [3, 2, 2, 2, 2, 1, 1, 1, 1, 1], "avg_vf": [0.8145389589172175, 0.8094572292515831, 0.7939995172213578, 0.7712596494761547, 0.7533081407475968, 0.733517767968306, 0.6974174598265116, 0.6675724252636941, 0.6323829584497971, 0.6032674988470262], "std_vf": [0.016685718189429526, 0.01788391337893074, 0.023768756053106778, 0.018187002184018353, 0.020317018779839466, 0.01810100562521041, 0.0165073920198585, 0.024957256210456493, 0.02575789738208788, 0.026854607422012806]}