{"pressures": [0, 1, 2, 3, 4, 5, 6, 7, 8, 9, 10, 11, 12, 13, 14, 15, 16, 17, 18, 19], "avg_vf": [0.00988850926656795, 0.025434025786869815, 0.7833797716413217, 0.8495933129067708, 0.8873242242269842, 0.907129608716588, 0.9232864498381723, 0.9281731640285272, 0.9366339574332391, 0.935361937575883, 0.9450963614400669, 0.9445189444246326, 0.946864633509065, 0.9485979632098707, 0.9549247485953544, 0.9471309494706307, 0.9553101588755675, 0.9630737213639404, 0.9660610292336401, 0.9644001508317167], "std_vf": [3.053370111541281e-05, 0.003126638362925817, 0.016583132544179154, 0.012714452152813924, 0.010391997185154418, 0.009595114997381929, 0.004763300697293398, 0.004985458118335289, 0.004268044881752274, 0.0056447633588351045, 0.004966564666547171, 0.005548627219365652, 0.004913900674573488, 0.004980447520445939, 0.0033604052477585328, 0.0029833423903493253, 0.0023308484861746326, 0.0020679256201995232, 0.0030015692136697424, 0.0016231690203591302]}