{"pressures": [40, 39, 38, 37, 36, 35, 34, 33, 32, 31, 30, 29, 28, 27, 26, 25, 24, 23, 22, 21], "avg_vf": [0.983631672290288, 0.9790820802946167, 0.9821121076110754, 0.978352768775259, 0.9791175716883487, 0.9797458092627493, 0.9785109370088154, 0.9780557993684055, 0.9758433952117735, 0.97526228476406, 0.976271830952877, 0.9727932795250537, 0.9730566765653326, 0.9745556325312115, 0.9719112329378174, 0.9734666496795773, 0.9743319967426707, 0.964213815924354, 0.9650985223272063, 0.9709928450982206], "std_vf": [0.0007402185511479903, 0.0012865684442922042, 0.0007928705535917324, 0.0010794056644851029, 0.0010763618215157912, 0.0013336214988076567, 0.0012980318790158216, 0.0010961757119425997, 0.0015412614407375733, 0.000909457115941452, 0.0011607575536849756, 0.0017268725205291503, 0.0035137876643342027, 0.0022399571815954807, 0.0009240096082937614, 0.0009408841733988224, 0.001409406455414308, 0.005107913132019352, 0.0020106715776700497, 0.001444113348727915]}